cost,cost_step,batches,learning rate,batch_size,per_batch,dropout,beta,k_conv,n_conv1,n_conv2,n_layer,n_lstm,n_steps,train step,xentropy,rmse,accuracy,xentropy_last,rmse_last,accuracy_last
cross,last,10,0.005,100,500,1.0,0.0,3,3,5,1,10,551,0,7.62318,0.000485255,0.000145191,7.62542,0.000488292,0.0
cross,last,10,0.005,100,500,1.0,0.0,3,3,5,1,10,551,1,7.61494,0.000485309,0.00134301,7.60375,0.000488299,0.02
cross,last,10,0.005,100,500,1.0,0.0,3,3,5,1,10,551,2,7.60379,0.000484741,0.00720508,7.58061,0.000488362,0.02
cross,last,10,0.005,100,500,1.0,0.0,3,3,5,1,10,551,3,7.59346,0.000484213,0.00990926,7.5546,0.000488468,0.04
cross,last,10,0.005,100,500,1.0,0.0,3,3,5,1,10,551,4,7.57936,0.00048323,0.0109619,7.52488,0.000488627,0.05
cross,last,10,0.005,100,500,1.0,0.0,3,3,5,1,10,551,5,7.56685,0.000482773,0.0106715,7.4906,0.000488857,0.05
cross,last,10,0.005,100,500,1.0,0.0,3,3,5,1,10,551,6,7.54942,0.000482148,0.0109437,7.45078,0.000489182,0.06
cross,last,10,0.005,100,500,1.0,0.0,3,3,5,1,10,551,7,7.52454,0.000481216,0.0106352,7.40437,0.000489638,0.05
